{
  "usage": {
    "text_units": 1,
    "text_characters": 2938,
    "features": 1
  },
  "language": "es",
  "keywords": [
    {
      "text": "programa alternativa",
      "relevance": 0.801851,
      "count": 2
    },
    {
      "text": "grado programas academicos",
      "relevance": 0.739758,
      "count": 1
    },
    {
      "text": "consejo academico",
      "relevance": 0.732438,
      "count": 3
    },
    {
      "text": "universidad valle",
      "relevance": 0.684725,
      "count": 4
    },
    {
      "text": "personas estudiantes regulares",
      "relevance": 0.591775,
      "count": 1
    },
    {
      "text": "grado programas",
      "relevance": 0.588399,
      "count": 1
    },
    {
      "text": "respectivo programa academico",
      "relevance": 0.582511,
      "count": 1
    },
    {
      "text": "consejo superior",
      "relevance": 0.570931,
      "count": 2
    },
    {
      "text": "siguientes requisitos",
      "relevance": 0.569105,
      "count": 1
    },
    {
      "text": "programa estudios vigente",
      "relevance": 0.566318,
      "count": 2
    },
    {
      "text": "alternativa grado",
      "relevance": 0.541215,
      "count": 1
    },
    {
      "text": "solicitud escrito",
      "relevance": 0.536266,
      "count": 1
    },
    {
      "text": "asignaturas constitutivas",
      "relevance": 0.526114,
      "count": 1
    },
    {
      "text": "grado personas matriculadas",
      "relevance": 0.524573,
      "count": 1
    },
    {
      "text": "informe academico",
      "relevance": 0.524152,
      "count": 2
    },
    {
      "text": "momento retiro",
      "relevance": 0.523369,
      "count": 2
    },
    {
      "text": "referencia resolucion",
      "relevance": 0.518664,
      "count": 1
    },
    {
      "text": "terminos reglamentado respectiva",
      "relevance": 0.516045,
      "count": 1
    },
    {
      "text": "caso programas",
      "relevance": 0.509654,
      "count": 1
    },
    {
      "text": "comite respectivo",
      "relevance": 0.509576,
      "count": 1
    },
    {
      "text": "meses homologables",
      "relevance": 0.509448,
      "count": 1
    },
    {
      "text": "candidato grado",
      "relevance": 0.509275,
      "count": 1
    },
    {
      "text": "universidad obtenido",
      "relevance": 0.508546,
      "count": 1
    },
    {
      "text": "campo propio",
      "relevance": 0.508412,
      "count": 1
    },
    {
      "text": "programas medicina odontologia",
      "relevance": 0.505434,
      "count": 1
    },
    {
      "text": "referencia literal anterior",
      "relevance": 0.501466,
      "count": 1
    },
    {
      "text": "programa academico",
      "relevance": 0.501299,
      "count": 3
    },
    {
      "text": "universidad realizado",
      "relevance": 0.501171,
      "count": 1
    },
    {
      "text": "requisitos establecidos presente",
      "relevance": 0.50095,
      "count": 1
    },
    {
      "text": "rendimiento academico",
      "relevance": 0.499994,
      "count": 1
    }
  ]
}