{
  "usage": {
    "text_units": 1,
    "text_characters": 1740,
    "features": 1
  },
  "language": "es",
  "keywords": [
    {
      "text": "consejo academico",
      "relevance": 0.924113,
      "count": 9
    },
    {
      "text": "universidad valle",
      "relevance": 0.66058,
      "count": 3
    },
    {
      "text": "programa academico",
      "relevance": 0.618666,
      "count": 3
    },
    {
      "text": "titulo academico especialista",
      "relevance": 0.614608,
      "count": 1
    },
    {
      "text": "consejo superior",
      "relevance": 0.61067,
      "count": 1
    },
    {
      "text": "estudiantes modalidad presencial",
      "relevance": 0.551072,
      "count": 1
    },
    {
      "text": "facultad salud duracidn",
      "relevance": 0.529007,
      "count": 1
    },
    {
      "text": "uso atribuciones legales",
      "relevance": 0.512813,
      "count": 1
    },
    {
      "text": "escuela medicina",
      "relevance": 0.512321,
      "count": 1
    },
    {
      "text": "solicitud registro calificado",
      "relevance": 0.510839,
      "count": 1
    },
    {
      "text": "cardiologia adscrito",
      "relevance": 0.509422,
      "count": 1
    },
    {
      "text": "universidad unidades academicas",
      "relevance": 0.508102,
      "count": 1
    },
    {
      "text": "anos periodicidad",
      "relevance": 0.506626,
      "count": 1
    },
    {
      "text": "admisiones anual",
      "relevance": 0.504325,
      "count": 1
    },
    {
      "text": "establecidos estructura",
      "relevance": 0.500159,
      "count": 1
    },
    {
      "text": "vigencia derogatoria",
      "relevance": 0.499278,
      "count": 1
    },
    {
      "text": "tiempo completo",
      "relevance": 0.496217,
      "count": 1
    },
    {
      "text": "santiago cali",
      "relevance": 0.495102,
      "count": 1
    },
    {
      "text": "siguiente manera",
      "relevance": 0.493807,
      "count": 1
    },
    {
      "text": "cardiologia estudiantes",
      "relevance": 0.492516,
      "count": 1
    },
    {
      "text": "disposiciones contrarias",
      "relevance": 0.491758,
      "count": 1
    },
    {
      "text": "salon reuniones",
      "relevance": 0.490766,
      "count": 1
    },
    {
      "text": "presente resolucion",
      "relevance": 0.490025,
      "count": 1
    },
    {
      "text": "resolucion",
      "relevance": 0.487906,
      "count": 7
    },
    {
      "text": "titulo especialista",
      "relevance": 0.487664,
      "count": 1
    },
    {
      "text": "parte pertinente",
      "relevance": 0.487492,
      "count": 1
    },
    {
      "text": "dias febrero",
      "relevance": 0.487234,
      "count": 1
    },
    {
      "text": "sede melendez",
      "relevance": 0.486289,
      "count": 1
    },
    {
      "text": "enrique ramos",
      "relevance": 0.477647,
      "count": 1
    },
    {
      "text": "cardiologia",
      "relevance": 0.469806,
      "count": 3
    }
  ]
}