{
  "usage": {
    "text_units": 1,
    "text_characters": 4158,
    "features": 1
  },
  "language": "es",
  "keywords": [
    {
      "text": "universidad valle",
      "relevance": 0.772134,
      "count": 3
    },
    {
      "text": "consejo academico",
      "relevance": 0.756649,
      "count": 6
    },
    {
      "text": "trabajo grado",
      "relevance": 0.695081,
      "count": 1
    },
    {
      "text": "consejo superior",
      "relevance": 0.664226,
      "count": 4
    },
    {
      "text": "requisitos grado",
      "relevance": 0.639367,
      "count": 2
    },
    {
      "text": "personas vinculadas",
      "relevance": 0.616879,
      "count": 1
    },
    {
      "text": "primer semestre",
      "relevance": 0.599772,
      "count": 1
    },
    {
      "text": "fechas grado",
      "relevance": 0.592046,
      "count": 2
    },
    {
      "text": "academica programas",
      "relevance": 0.565587,
      "count": 1
    },
    {
      "text": "maestria doctorado",
      "relevance": 0.563447,
      "count": 2
    },
    {
      "text": "tesis doctoral",
      "relevance": 0.557349,
      "count": 1
    },
    {
      "text": "universidad segundo",
      "relevance": 0.543418,
      "count": 3
    },
    {
      "text": "plazos establecidos",
      "relevance": 0.542182,
      "count": 1
    },
    {
      "text": "afios universidad valle",
      "relevance": 0.534028,
      "count": 1
    },
    {
      "text": "solicitado busqueda alternativas",
      "relevance": 0.524962,
      "count": 1
    },
    {
      "text": "trabajo investigacion",
      "relevance": 0.519363,
      "count": 1
    },
    {
      "text": "entregado trabajo grado",
      "relevance": 0.518991,
      "count": 1
    },
    {
      "text": "fecha facultades",
      "relevance": 0.516285,
      "count": 1
    },
    {
      "text": "establecie estudiantes",
      "relevance": 0.516032,
      "count": 1
    },
    {
      "text": "amnistia academica",
      "relevance": 0.515762,
      "count": 2
    },
    {
      "text": "rendimiento academico",
      "relevance": 0.511079,
      "count": 1
    },
    {
      "text": "fechas estipuladas",
      "relevance": 0.510914,
      "count": 2
    },
    {
      "text": "universidad valle cumplido",
      "relevance": 0.50991,
      "count": 1
    },
    {
      "text": "plazo maximo",
      "relevance": 0.508935,
      "count": 2
    },
    {
      "text": "titulo correspondiente",
      "relevance": 0.505629,
      "count": 1
    },
    {
      "text": "requisito adicional",
      "relevance": 0.503187,
      "count": 1
    },
    {
      "text": "tramites administrativos",
      "relevance": 0.502288,
      "count": 1
    },
    {
      "text": "2016universidad valle resolucion",
      "relevance": 0.500177,
      "count": 1
    },
    {
      "text": "estudiantes programa academico",
      "relevance": 0.497881,
      "count": 2
    },
    {
      "text": "uso atribuciones",
      "relevance": 0.491829,
      "count": 1
    }
  ]
}