{
  "usage": {
    "text_units": 1,
    "text_characters": 2049,
    "features": 1
  },
  "language": "es",
  "keywords": [
    {
      "text": "consejo academico",
      "relevance": 0.89965,
      "count": 9
    },
    {
      "text": "especializacion anatomia patologica",
      "relevance": 0.706907,
      "count": 4
    },
    {
      "text": "especialista patologia",
      "relevance": 0.691474,
      "count": 2
    },
    {
      "text": "universidad valle dl",
      "relevance": 0.650153,
      "count": 1
    },
    {
      "text": "patologia clinica",
      "relevance": 0.637947,
      "count": 4
    },
    {
      "text": "consejo superior",
      "relevance": 0.617199,
      "count": 2
    },
    {
      "text": "titulo academico",
      "relevance": 0.583165,
      "count": 2
    },
    {
      "text": "programa academico",
      "relevance": 0.574439,
      "count": 3
    },
    {
      "text": "universidad valle",
      "relevance": 0.535843,
      "count": 2
    },
    {
      "text": "laboratorio clinico",
      "relevance": 0.5239,
      "count": 2
    },
    {
      "text": "facultad salud duracidn",
      "relevance": 0.51189,
      "count": 1
    },
    {
      "text": "modificd nombre plan",
      "relevance": 0.511566,
      "count": 1
    },
    {
      "text": "patologia clinica adscrito",
      "relevance": 0.508358,
      "count": 1
    },
    {
      "text": "vigencia derogatoria presente",
      "relevance": 0.50355,
      "count": 1
    },
    {
      "text": "escuela medicina",
      "relevance": 0.498464,
      "count": 1
    },
    {
      "text": "uso atribuciones legales",
      "relevance": 0.49601,
      "count": 1
    },
    {
      "text": "universidad unidades academicasuniversidad",
      "relevance": 0.495071,
      "count": 1
    },
    {
      "text": "solicitud registro calificado",
      "relevance": 0.492206,
      "count": 1
    },
    {
      "text": "anos periodicidad",
      "relevance": 0.491755,
      "count": 1
    },
    {
      "text": "establecidos estructura",
      "relevance": 0.488811,
      "count": 1
    },
    {
      "text": "admisiones anual",
      "relevance": 0.488319,
      "count": 1
    },
    {
      "text": "santiago cali",
      "relevance": 0.484843,
      "count": 1
    },
    {
      "text": "modalidad presencial",
      "relevance": 0.484533,
      "count": 1
    },
    {
      "text": "disposiciones contrarias",
      "relevance": 0.48187,
      "count": 1
    },
    {
      "text": "salon reuniones",
      "relevance": 0.480797,
      "count": 1
    },
    {
      "text": "tiempo completo",
      "relevance": 0.480212,
      "count": 1
    },
    {
      "text": "sede melendez",
      "relevance": 0.479016,
      "count": 1
    },
    {
      "text": "parte pertinente",
      "relevance": 0.478871,
      "count": 1
    },
    {
      "text": "modificd actualiz6",
      "relevance": 0.477305,
      "count": 1
    },
    {
      "text": "dias febrero",
      "relevance": 0.476984,
      "count": 1
    }
  ]
}