{
  "usage": {
    "text_units": 1,
    "text_characters": 5728,
    "features": 1
  },
  "language": "es",
  "keywords": [
    {
      "text": "consejo academico",
      "relevance": 0.664517,
      "count": 4
    },
    {
      "text": "trabajo grado",
      "relevance": 0.660863,
      "count": 2
    },
    {
      "text": "universidad valle dl",
      "relevance": 0.624401,
      "count": 1
    },
    {
      "text": "actualiz6 reglamento trabajo",
      "relevance": 0.563676,
      "count": 1
    },
    {
      "text": "consejo superior",
      "relevance": 0.556103,
      "count": 1
    },
    {
      "text": "proceso formacion profesional",
      "relevance": 0.552364,
      "count": 1
    },
    {
      "text": "universidad valle",
      "relevance": 0.542062,
      "count": 2
    },
    {
      "text": "forma ordenada",
      "relevance": 0.540887,
      "count": 1
    },
    {
      "text": "programa academico establecera",
      "relevance": 0.539694,
      "count": 1
    },
    {
      "text": "conocimientos destrezas adquiridos",
      "relevance": 0.538399,
      "count": 1
    },
    {
      "text": "tema particular venido",
      "relevance": 0.533183,
      "count": 1
    },
    {
      "text": "reglamento especifico",
      "relevance": 0.532888,
      "count": 1
    },
    {
      "text": "tema especifico propio",
      "relevance": 0.5305,
      "count": 1
    },
    {
      "text": "facultad ingenieria respectivos",
      "relevance": 0.527096,
      "count": 1
    },
    {
      "text": "desarrollo funciones propias",
      "relevance": 0.525926,
      "count": 1
    },
    {
      "text": "comites curriculo diferentes",
      "relevance": 0.52407,
      "count": 1
    },
    {
      "text": "requisito universidad revision",
      "relevance": 0.522769,
      "count": 1
    },
    {
      "text": "diferentes modalidades",
      "relevance": 0.521503,
      "count": 1
    },
    {
      "text": "area campo formaci6",
      "relevance": 0.521501,
      "count": 1
    },
    {
      "text": "grupo investigacion",
      "relevance": 0.521077,
      "count": 1
    },
    {
      "text": "trabajo profesional",
      "relevance": 0.521072,
      "count": 1
    },
    {
      "text": "requisito parcial",
      "relevance": 0.519524,
      "count": 1
    },
    {
      "text": "etapas proceso investigaci6",
      "relevance": 0.514913,
      "count": 1
    },
    {
      "text": "grado industria",
      "relevance": 0.514474,
      "count": 1
    },
    {
      "text": "4rea competencia traves",
      "relevance": 0.513889,
      "count": 1
    },
    {
      "text": "procesos procedimientos",
      "relevance": 0.51025,
      "count": 1
    },
    {
      "text": "analisis solucion determinado",
      "relevance": 0.50899,
      "count": 1
    },
    {
      "text": "trabajo desarrollado",
      "relevance": 0.508138,
      "count": 1
    },
    {
      "text": "consejo facultad segun",
      "relevance": 0.507775,
      "count": 1
    },
    {
      "text": "fortalezas debilidades",
      "relevance": 0.507338,
      "count": 1
    }
  ]
}