{
  "usage": {
    "text_units": 1,
    "text_characters": 4899,
    "features": 1
  },
  "language": "es",
  "keywords": [
    {
      "text": "universidad valle",
      "relevance": 0.646642,
      "count": 3
    },
    {
      "text": "comunidades afrocolombianas",
      "relevance": 0.630726,
      "count": 2
    },
    {
      "text": "comunidad negra",
      "relevance": 0.601361,
      "count": 1
    },
    {
      "text": "identidad cultural",
      "relevance": 0.578679,
      "count": 1
    },
    {
      "text": "acceso cultura colombianos",
      "relevance": 0.571157,
      "count": 1
    },
    {
      "text": "consejo academico",
      "relevance": 0.566773,
      "count": 2
    },
    {
      "text": "representante legal",
      "relevance": 0.561523,
      "count": 1
    },
    {
      "text": "nacion colombiana",
      "relevance": 0.559653,
      "count": 1
    },
    {
      "text": "diversidad etnica cultural",
      "relevance": 0.558314,
      "count": 1
    },
    {
      "text": "cuenca pacifico",
      "relevance": 0.552624,
      "count": 2
    },
    {
      "text": "etapas proceso creacion",
      "relevance": 0.546389,
      "count": 1
    },
    {
      "text": "identidad nacional",
      "relevance": 0.544407,
      "count": 1
    },
    {
      "text": "libres iguales ley",
      "relevance": 0.544232,
      "count": 1
    },
    {
      "text": "nacionalidad colombiana",
      "relevance": 0.539655,
      "count": 1
    },
    {
      "text": "ingreso programas academicos",
      "relevance": 0.539343,
      "count": 1
    },
    {
      "text": "miembro activo",
      "relevance": 0.539075,
      "count": 1
    },
    {
      "text": "siguientes grupos",
      "relevance": 0.533487,
      "count": 1
    },
    {
      "text": "zonas rurales",
      "relevance": 0.531497,
      "count": 1
    },
    {
      "text": "correspondiente fechas establecidas",
      "relevance": 0.529632,
      "count": 1
    },
    {
      "text": "opinion politica filosdfica",
      "relevance": 0.527809,
      "count": 1
    },
    {
      "text": "cultura propia",
      "relevance": 0.525572,
      "count": 1
    },
    {
      "text": "igualdad oportunidades medio",
      "relevance": 0.525166,
      "count": 1
    },
    {
      "text": "comunidades negras derecho",
      "relevance": 0.525147,
      "count": 1
    },
    {
      "text": "universidad valle resolucion",
      "relevance": 0.523561,
      "count": 1
    },
    {
      "text": "derecho formacion",
      "relevance": 0.51639,
      "count": 1
    },
    {
      "text": "proceso educativo acorde",
      "relevance": 0.516189,
      "count": 1
    },
    {
      "text": "cultura diversas",
      "relevance": 0.515847,
      "count": 1
    },
    {
      "text": "lugar origen adscritas",
      "relevance": 0.513581,
      "count": 1
    },
    {
      "text": "integrantes grupos",
      "relevance": 0.513475,
      "count": 1
    },
    {
      "text": "comunidades afrocolombianas enumeradas",
      "relevance": 0.513085,
      "count": 1
    }
  ]
}