{
  "usage": {
    "text_units": 1,
    "text_characters": 1579,
    "features": 1
  },
  "language": "es",
  "keywords": [
    {
      "text": "consejo academico",
      "relevance": 0.751162,
      "count": 3
    },
    {
      "text": "ciencias sociales",
      "relevance": 0.70042,
      "count": 2
    },
    {
      "text": "universidad valle",
      "relevance": 0.677811,
      "count": 3
    },
    {
      "text": "lista admitidos",
      "relevance": 0.670059,
      "count": 2
    },
    {
      "text": "admisiones registro academico",
      "relevance": 0.640016,
      "count": 2
    },
    {
      "text": "reemplazo resultados componentes",
      "relevance": 0.636045,
      "count": 1
    },
    {
      "text": "aspirantes inscritos",
      "relevance": 0.591158,
      "count": 1
    },
    {
      "text": "periodo febrero",
      "relevance": 0.561159,
      "count": 2
    },
    {
      "text": "listado admitidos",
      "relevance": 0.548772,
      "count": 1
    },
    {
      "text": "ciencias sociales mencionada",
      "relevance": 0.540118,
      "count": 1
    },
    {
      "text": "sola componente denominada",
      "relevance": 0.529715,
      "count": 1
    },
    {
      "text": "sede cali",
      "relevance": 0.528852,
      "count": 1
    },
    {
      "text": "listado inicial admitidos",
      "relevance": 0.517143,
      "count": 1
    },
    {
      "text": "resultados anos",
      "relevance": 0.516845,
      "count": 1
    },
    {
      "text": "modificacion resultados",
      "relevance": 0.507133,
      "count": 1
    },
    {
      "text": "noviembreuniversidad valle resolucion",
      "relevance": 0.505161,
      "count": 1
    },
    {
      "text": "examen ingreso",
      "relevance": 0.504344,
      "count": 1
    },
    {
      "text": "educacion superior",
      "relevance": 0.500847,
      "count": 1
    },
    {
      "text": "cupo asignado",
      "relevance": 0.50029,
      "count": 1
    },
    {
      "text": "sesiones consejo academico",
      "relevance": 0.498628,
      "count": 1
    },
    {
      "text": "uso atribuciones",
      "relevance": 0.497858,
      "count": 1
    },
    {
      "text": "registro academico",
      "relevance": 0.496948,
      "count": 1
    },
    {
      "text": "procesamiento datos",
      "relevance": 0.495211,
      "count": 1
    },
    {
      "text": "aspirantes efecto",
      "relevance": 0.493553,
      "count": 1
    },
    {
      "text": "dada santiago",
      "relevance": 0.493108,
      "count": 1
    },
    {
      "text": "universidad modificd",
      "relevance": 0.492826,
      "count": 1
    },
    {
      "text": "division admisiones",
      "relevance": 0.492222,
      "count": 1
    },
    {
      "text": "resultado proceso",
      "relevance": 0.491311,
      "count": 1
    },
    {
      "text": "autorizacion divisi6",
      "relevance": 0.490012,
      "count": 1
    },
    {
      "text": "cali saldn",
      "relevance": 0.488232,
      "count": 1
    }
  ]
}