{
  "usage": {
    "text_units": 1,
    "text_characters": 647,
    "features": 1
  },
  "language": "es",
  "keywords": [
    {
      "text": "consejo academico",
      "relevance": 0.806059,
      "count": 2
    },
    {
      "text": "universidad valle",
      "relevance": 0.799145,
      "count": 3
    },
    {
      "text": "asignatura ingles estudiantes",
      "relevance": 0.752431,
      "count": 2
    },
    {
      "text": "examen proficiencia",
      "relevance": 0.675823,
      "count": 2
    },
    {
      "text": "uso atribuciones legales",
      "relevance": 0.519443,
      "count": 1
    },
    {
      "text": "reuniones consejo academico",
      "relevance": 0.500478,
      "count": 1
    },
    {
      "text": "programa academico",
      "relevance": 0.500193,
      "count": 1
    },
    {
      "text": "fecha aprobacion",
      "relevance": 0.493269,
      "count": 1
    },
    {
      "text": "caracter obligatorio",
      "relevance": 0.485781,
      "count": 1
    },
    {
      "text": "presente resolucion",
      "relevance": 0.483384,
      "count": 1
    },
    {
      "text": "asignatura ingles",
      "relevance": 0.480692,
      "count": 1
    },
    {
      "text": "dada santiago",
      "relevance": 0.479642,
      "count": 1
    },
    {
      "text": "cali salon",
      "relevance": 0.472857,
      "count": 1
    },
    {
      "text": "mes agosto",
      "relevance": 0.437505,
      "count": 1
    },
    {
      "text": "enrique ramos",
      "relevance": 0.412454,
      "count": 1
    },
    {
      "text": "lopez pulecio",
      "relevance": 0.369063,
      "count": 1
    },
    {
      "text": "resolucion",
      "relevance": 0.36106,
      "count": 1
    },
    {
      "text": "secretario general",
      "relevance": 0.353406,
      "count": 1
    },
    {
      "text": "agosto",
      "relevance": 0.352615,
      "count": 1
    },
    {
      "text": "presidente",
      "relevance": 0.334794,
      "count": 1
    },
    {
      "text": "rector",
      "relevance": 0.330881,
      "count": 1
    }
  ]
}