{
  "usage": {
    "text_units": 1,
    "text_characters": 5998,
    "features": 1
  },
  "language": "es",
  "keywords": [
    {
      "text": "universidad valle ee",
      "relevance": 0.835517,
      "count": 1
    },
    {
      "text": "registro estudiantes visitantes",
      "relevance": 0.724714,
      "count": 1
    },
    {
      "text": "ambito nacional internacional",
      "relevance": 0.675426,
      "count": 1
    },
    {
      "text": "universidad valle",
      "relevance": 0.667398,
      "count": 1
    },
    {
      "text": "asignaturas programa academico",
      "relevance": 0.612826,
      "count": 2
    },
    {
      "text": "consejo academico",
      "relevance": 0.609586,
      "count": 2
    },
    {
      "text": "convenios instituciones",
      "relevance": 0.595505,
      "count": 1
    },
    {
      "text": "movilidad estudiantes",
      "relevance": 0.583193,
      "count": 1
    },
    {
      "text": "estudiantes extranjeros",
      "relevance": 0.568289,
      "count": 1
    },
    {
      "text": "estudiante visitante",
      "relevance": 0.556377,
      "count": 1
    },
    {
      "text": "oficina relaciones internacional",
      "relevance": 0.553147,
      "count": 1
    },
    {
      "text": "facultad saluduniversidad",
      "relevance": 0.547296,
      "count": 1
    },
    {
      "text": "presentado universidad origen",
      "relevance": 0.546321,
      "count": 1
    },
    {
      "text": "facultad salud dadas",
      "relevance": 0.540387,
      "count": 1
    },
    {
      "text": "acuerdo universidad",
      "relevance": 0.53922,
      "count": 1
    },
    {
      "text": "universidad valle venido",
      "relevance": 0.538429,
      "count": 1
    },
    {
      "text": "univesidad valle",
      "relevance": 0.535107,
      "count": 1
    },
    {
      "text": "respectiva unidad academica",
      "relevance": 0.52549,
      "count": 1
    },
    {
      "text": "estudiante visitante internacional",
      "relevance": 0.517004,
      "count": 1
    },
    {
      "text": "estadia participantes",
      "relevance": 0.516762,
      "count": 1
    },
    {
      "text": "registrada entidad competente",
      "relevance": 0.515813,
      "count": 1
    },
    {
      "text": "activa universidad origen",
      "relevance": 0.510077,
      "count": 1
    },
    {
      "text": "universidad extranjera",
      "relevance": 0.506926,
      "count": 1
    },
    {
      "text": "rotaciones pasantias",
      "relevance": 0.506339,
      "count": 2
    },
    {
      "text": "valle resolucion",
      "relevance": 0.505218,
      "count": 2
    },
    {
      "text": "uso atribuciones especial",
      "relevance": 0.504495,
      "count": 1
    },
    {
      "text": "registro estudiantes nacionales",
      "relevance": 0.504162,
      "count": 1
    },
    {
      "text": "registrados facultad salud",
      "relevance": 0.501765,
      "count": 1
    },
    {
      "text": "oficina relaciones internacionales",
      "relevance": 0.501487,
      "count": 2
    },
    {
      "text": "cumplimiento acuerdos suscritos",
      "relevance": 0.497489,
      "count": 1
    }
  ]
}