{
  "usage": {
    "text_units": 1,
    "text_characters": 3610,
    "features": 1
  },
  "language": "es",
  "keywords": [
    {
      "text": "empresas tecnologia",
      "relevance": 0.853532,
      "count": 1
    },
    {
      "text": "consejo academico",
      "relevance": 0.735127,
      "count": 5
    },
    {
      "text": "universidad valle",
      "relevance": 0.700667,
      "count": 5
    },
    {
      "text": "literatura tecnologia",
      "relevance": 0.665303,
      "count": 1
    },
    {
      "text": "cupos sistema regionalizacion",
      "relevance": 0.630155,
      "count": 1
    },
    {
      "text": "tecnologia electronica",
      "relevance": 0.61491,
      "count": 6
    },
    {
      "text": "periodo academico",
      "relevance": 0.597828,
      "count": 3
    },
    {
      "text": "tecnologia alimentos",
      "relevance": 0.591068,
      "count": 4
    },
    {
      "text": "contaduria publica",
      "relevance": 0.557323,
      "count": 2
    },
    {
      "text": "puntaje minimo",
      "relevance": 0.556183,
      "count": 3
    },
    {
      "text": "oferta educativa",
      "relevance": 0.549492,
      "count": 1
    },
    {
      "text": "exigidos inscripcion establecidos",
      "relevance": 0.53019,
      "count": 1
    },
    {
      "text": "ofrecidos sistema regionalizacion",
      "relevance": 0.5299,
      "count": 1
    },
    {
      "text": "sede buga",
      "relevance": 0.526398,
      "count": 1
    },
    {
      "text": "estatuto general",
      "relevance": 0.525013,
      "count": 1
    },
    {
      "text": "empresas contaduria publica",
      "relevance": 0.522387,
      "count": 2
    },
    {
      "text": "sistemas informacion",
      "relevance": 0.521082,
      "count": 2
    },
    {
      "text": "empresas licenciatura",
      "relevance": 0.519369,
      "count": 1
    },
    {
      "text": "tecnologia sistemas informacion",
      "relevance": 0.51919,
      "count": 1
    },
    {
      "text": "icfes realizados",
      "relevance": 0.512598,
      "count": 1
    },
    {
      "text": "ingenieria industrial",
      "relevance": 0.510388,
      "count": 1
    },
    {
      "text": "puntajes respecto",
      "relevance": 0.505297,
      "count": 1
    },
    {
      "text": "bajos afios anteriores",
      "relevance": 0.503714,
      "count": 1
    },
    {
      "text": "devers niversig",
      "relevance": 0.500649,
      "count": 1
    },
    {
      "text": "sistema",
      "relevance": 0.499811,
      "count": 2
    },
    {
      "text": "uso atribuciones",
      "relevance": 0.499333,
      "count": 1
    },
    {
      "text": "sede caicedonia",
      "relevance": 0.496657,
      "count": 1
    },
    {
      "text": "n tecnologia",
      "relevance": 0.496096,
      "count": 1
    },
    {
      "text": "literal b",
      "relevance": 0.495628,
      "count": 1
    },
    {
      "text": "tecnologia recreacion",
      "relevance": 0.495587,
      "count": 1
    }
  ]
}