{
  "usage": {
    "text_units": 1,
    "text_characters": 2729,
    "features": 1
  },
  "language": "es",
  "keywords": [
    {
      "text": "consejo academico",
      "relevance": 0.929999,
      "count": 10
    },
    {
      "text": "consejo superior",
      "relevance": 0.69816,
      "count": 5
    },
    {
      "text": "universidad valle",
      "relevance": 0.647204,
      "count": 3
    },
    {
      "text": "paro academico indefinido",
      "relevance": 0.604346,
      "count": 1
    },
    {
      "text": "septiembre estudiantes",
      "relevance": 0.601306,
      "count": 1
    },
    {
      "text": "facultades legales especial",
      "relevance": 0.58042,
      "count": 1
    },
    {
      "text": "facultad salud",
      "relevance": 0.565126,
      "count": 3
    },
    {
      "text": "alcances didlogo",
      "relevance": 0.558264,
      "count": 1
    },
    {
      "text": "reuniones temas",
      "relevance": 0.541389,
      "count": 1
    },
    {
      "text": "ciencias sociales",
      "relevance": 0.540867,
      "count": 1
    },
    {
      "text": "asamblea estudiantil",
      "relevance": 0.538743,
      "count": 2
    },
    {
      "text": "actual semestre academico",
      "relevance": 0.532619,
      "count": 1
    },
    {
      "text": "valle huv",
      "relevance": 0.531106,
      "count": 1
    },
    {
      "text": "representantes consejo academico",
      "relevance": 0.528134,
      "count": 1
    },
    {
      "text": "estudiantes universidad",
      "relevance": 0.526823,
      "count": 1
    },
    {
      "text": "comision conformada",
      "relevance": 0.521961,
      "count": 1
    },
    {
      "text": "universidad valle ejercicio",
      "relevance": 0.520425,
      "count": 1
    },
    {
      "text": "actividad academica incompatible",
      "relevance": 0.518232,
      "count": 1
    },
    {
      "text": "paragrafo consejo academico",
      "relevance": 0.517389,
      "count": 1
    },
    {
      "text": "luis alberto",
      "relevance": 0.514289,
      "count": 1
    },
    {
      "text": "instancias pertinentes",
      "relevance": 0.508717,
      "count": 1
    },
    {
      "text": "decanos facultades",
      "relevance": 0.507915,
      "count": 1
    },
    {
      "text": "peticiones estudiantes",
      "relevance": 0.507449,
      "count": 1
    },
    {
      "text": "mes marzo",
      "relevance": 0.507016,
      "count": 1
    },
    {
      "text": "propositos cronograma",
      "relevance": 0.503167,
      "count": 1
    },
    {
      "text": "solidaridad estudiantes",
      "relevance": 0.501463,
      "count": 1
    },
    {
      "text": "octubre acorde",
      "relevance": 0.501364,
      "count": 1
    },
    {
      "text": "paro indefinido",
      "relevance": 0.501183,
      "count": 1
    },
    {
      "text": "temas planteados estudiantes",
      "relevance": 0.500816,
      "count": 1
    },
    {
      "text": "consejo academico pleno",
      "relevance": 0.498545,
      "count": 1
    }
  ]
}