{
  "usage": {
    "text_units": 1,
    "text_characters": 3104,
    "features": 1
  },
  "language": "es",
  "keywords": [
    {
      "text": "papel profesor consejero",
      "relevance": 0.677895,
      "count": 1
    },
    {
      "text": "consejo academico",
      "relevance": 0.665621,
      "count": 2
    },
    {
      "text": "universidad valle",
      "relevance": 0.664765,
      "count": 2
    },
    {
      "text": "consejeria estudiantil",
      "relevance": 0.655995,
      "count": 3
    },
    {
      "text": "apoyo estudiantes",
      "relevance": 0.583537,
      "count": 1
    },
    {
      "text": "director programa academico",
      "relevance": 0.575793,
      "count": 1
    },
    {
      "text": "labor consejeria",
      "relevance": 0.568127,
      "count": 1
    },
    {
      "text": "profesores universidad",
      "relevance": 0.56777,
      "count": 1
    },
    {
      "text": "vinculados nombramiento paragrafo",
      "relevance": 0.564754,
      "count": 1
    },
    {
      "text": "actividades profesores",
      "relevance": 0.563867,
      "count": 1
    },
    {
      "text": "estudiante proceso matriculauniversidad",
      "relevance": 0.557185,
      "count": 1
    },
    {
      "text": "facultades podrdn",
      "relevance": 0.549716,
      "count": 1
    },
    {
      "text": "profesores consejeros asistentes",
      "relevance": 0.546465,
      "count": 1
    },
    {
      "text": "consejo superior",
      "relevance": 0.541382,
      "count": 1
    },
    {
      "text": "registro escrito",
      "relevance": 0.540071,
      "count": 1
    },
    {
      "text": "desarrollo personal",
      "relevance": 0.537462,
      "count": 1
    },
    {
      "text": "estudiantes",
      "relevance": 0.530648,
      "count": 4
    },
    {
      "text": "asistentes docencia",
      "relevance": 0.528148,
      "count": 1
    },
    {
      "text": "desarrollo academico",
      "relevance": 0.525737,
      "count": 1
    },
    {
      "text": "actividades aprendizaje conformaci6",
      "relevance": 0.523292,
      "count": 1
    },
    {
      "text": "cambio profesor consejero",
      "relevance": 0.522545,
      "count": 1
    },
    {
      "text": "facultad decanatura",
      "relevance": 0.520475,
      "count": 1
    },
    {
      "text": "estudiante situaciones",
      "relevance": 0.517044,
      "count": 1
    },
    {
      "text": "periodo academico",
      "relevance": 0.516223,
      "count": 1
    },
    {
      "text": "proceso formaci6",
      "relevance": 0.515248,
      "count": 1
    },
    {
      "text": "semestre cambio",
      "relevance": 0.51257,
      "count": 1
    },
    {
      "text": "academico universidad",
      "relevance": 0.51077,
      "count": 1
    },
    {
      "text": "suficientes docentes nombrados",
      "relevance": 0.507726,
      "count": 1
    },
    {
      "text": "casos fuerza mayor",
      "relevance": 0.507412,
      "count": 1
    },
    {
      "text": "profesor consejero",
      "relevance": 0.507098,
      "count": 1
    }
  ]
}