{
  "usage": {
    "text_units": 1,
    "text_characters": 9140,
    "features": 1
  },
  "language": "es",
  "keywords": [
    {
      "text": "universidad valle",
      "relevance": 0.690332,
      "count": 4
    },
    {
      "text": "consejo academico",
      "relevance": 0.667437,
      "count": 4
    },
    {
      "text": "trabajo academico",
      "relevance": 0.639677,
      "count": 2
    },
    {
      "text": "autonomia estudiante",
      "relevance": 0.617864,
      "count": 1
    },
    {
      "text": "programas formaci6on",
      "relevance": 0.603272,
      "count": 1
    },
    {
      "text": "actividades experiencias",
      "relevance": 0.600382,
      "count": 1
    },
    {
      "text": "reforma sistema",
      "relevance": 0.570629,
      "count": 1
    },
    {
      "text": "consejo superior",
      "relevance": 0.548558,
      "count": 1
    },
    {
      "text": "clases magistrales",
      "relevance": 0.544188,
      "count": 1
    },
    {
      "text": "estudio personal",
      "relevance": 0.542089,
      "count": 1
    },
    {
      "text": "traves ministerio",
      "relevance": 0.536538,
      "count": 1
    },
    {
      "text": "actividades formativas establecidas",
      "relevance": 0.535869,
      "count": 1
    },
    {
      "text": "marco principios politica",
      "relevance": 0.533738,
      "count": 1
    },
    {
      "text": "calidad pertinencia racionalidad",
      "relevance": 0.533089,
      "count": 1
    },
    {
      "text": "actividad academica estudiante",
      "relevance": 0.530841,
      "count": 1
    },
    {
      "text": "conocimientos capacitacion diferentes",
      "relevance": 0.527063,
      "count": 1
    },
    {
      "text": "base criterios",
      "relevance": 0.525632,
      "count": 1
    },
    {
      "text": "programa formacion definido",
      "relevance": 0.523927,
      "count": 1
    },
    {
      "text": "trabajo presencial",
      "relevance": 0.521605,
      "count": 1
    },
    {
      "text": "academica movilidad estudiantil",
      "relevance": 0.519467,
      "count": 1
    },
    {
      "text": "interactia docente",
      "relevance": 0.518913,
      "count": 1
    },
    {
      "text": "talleres laboratorios",
      "relevance": 0.5187,
      "count": 1
    },
    {
      "text": "trabajo dirigido",
      "relevance": 0.513598,
      "count": 1
    },
    {
      "text": "estatuto general",
      "relevance": 0.513267,
      "count": 1
    },
    {
      "text": "establecid nuevo",
      "relevance": 0.51281,
      "count": 1
    },
    {
      "text": "tiempo dedicado",
      "relevance": 0.512609,
      "count": 1
    },
    {
      "text": "actividades precisas orientadas",
      "relevance": 0.511758,
      "count": 1
    },
    {
      "text": "consonancia nuevo",
      "relevance": 0.510509,
      "count": 1
    },
    {
      "text": "trabajo independiente",
      "relevance": 0.508516,
      "count": 1
    },
    {
      "text": "base procesos",
      "relevance": 0.507799,
      "count": 1
    }
  ]
}