{
  "usage": {
    "text_units": 1,
    "text_characters": 2447,
    "features": 1
  },
  "language": "es",
  "keywords": [
    {
      "text": "universidad valle",
      "relevance": 0.781486,
      "count": 6
    },
    {
      "text": "consejo superior",
      "relevance": 0.705326,
      "count": 4
    },
    {
      "text": "academica programas academicos",
      "relevance": 0.640861,
      "count": 1
    },
    {
      "text": "calidad academica refleja",
      "relevance": 0.639013,
      "count": 1
    },
    {
      "text": "personas vinculadas",
      "relevance": 0.585219,
      "count": 2
    },
    {
      "text": "estudiantes examenes",
      "relevance": 0.566698,
      "count": 1
    },
    {
      "text": "consejo academico",
      "relevance": 0.551721,
      "count": 2
    },
    {
      "text": "resultados obtenidos",
      "relevance": 0.548518,
      "count": 1
    },
    {
      "text": "convocatoria seleccidn beneficiarios",
      "relevance": 0.546724,
      "count": 1
    },
    {
      "text": "universidad valle cumplira",
      "relevance": 0.545707,
      "count": 1
    },
    {
      "text": "calidad estudiantes regulares",
      "relevance": 0.538352,
      "count": 1
    },
    {
      "text": "sanciones disciplinarias",
      "relevance": 0.536789,
      "count": 2
    },
    {
      "text": "programas acreditados",
      "relevance": 0.53633,
      "count": 1
    },
    {
      "text": "titulo correspondiente",
      "relevance": 0.533423,
      "count": 2
    },
    {
      "text": "requisitos numero maximo",
      "relevance": 0.525494,
      "count": 1
    },
    {
      "text": "afios fundacidn",
      "relevance": 0.521149,
      "count": 1
    },
    {
      "text": "motivos distintos",
      "relevance": 0.518394,
      "count": 1
    },
    {
      "text": "calidad grupos",
      "relevance": 0.517983,
      "count": 1
    },
    {
      "text": "primer periodo academico",
      "relevance": 0.509841,
      "count": 1
    },
    {
      "text": "mayo analiz6 considerd",
      "relevance": 0.509265,
      "count": 1
    },
    {
      "text": "universidad alta",
      "relevance": 0.508216,
      "count": 1
    },
    {
      "text": "calidad proyectos",
      "relevance": 0.507092,
      "count": 1
    },
    {
      "text": "afios existencia consolidado",
      "relevance": 0.505385,
      "count": 1
    },
    {
      "text": "trabajo grado",
      "relevance": 0.504709,
      "count": 1
    },
    {
      "text": "presidente alejandro",
      "relevance": 0.504681,
      "count": 1
    },
    {
      "text": "reuniones torre institucional",
      "relevance": 0.503303,
      "count": 1
    },
    {
      "text": "investigacion desarrollados",
      "relevance": 0.503124,
      "count": 1
    },
    {
      "text": "impacto comunidad",
      "relevance": 0.50101,
      "count": 1
    },
    {
      "text": "sesidn dia",
      "relevance": 0.500734,
      "count": 1
    },
    {
      "text": "universidad publica",
      "relevance": 0.500677,
      "count": 1
    }
  ]
}