{
  "usage": {
    "text_units": 1,
    "text_characters": 5267,
    "features": 1
  },
  "language": "es",
  "keywords": [
    {
      "text": "ceremonias grado",
      "relevance": 0.762554,
      "count": 2
    },
    {
      "text": "oficina registro academico",
      "relevance": 0.610231,
      "count": 5
    },
    {
      "text": "consejo academico",
      "relevance": 0.604258,
      "count": 2
    },
    {
      "text": "candidatos grado",
      "relevance": 0.593308,
      "count": 3
    },
    {
      "text": "cretaria academica respectiva",
      "relevance": 0.584212,
      "count": 1
    },
    {
      "text": "universidad valle",
      "relevance": 0.584055,
      "count": 2
    },
    {
      "text": "solicitud paz salvo",
      "relevance": 0.581805,
      "count": 2
    },
    {
      "text": "diploma bachiller",
      "relevance": 0.551258,
      "count": 1
    },
    {
      "text": "paz salvo",
      "relevance": 0.548981,
      "count": 1
    },
    {
      "text": "facultad revision",
      "relevance": 0.545145,
      "count": 1
    },
    {
      "text": "quedardn siguiente",
      "relevance": 0.543059,
      "count": 1
    },
    {
      "text": "secretaria academica",
      "relevance": 0.543005,
      "count": 1
    },
    {
      "text": "semestres plan",
      "relevance": 0.536993,
      "count": 1
    },
    {
      "text": "candidato grado",
      "relevance": 0.53493,
      "count": 2
    },
    {
      "text": "ficha academica",
      "relevance": 0.53406,
      "count": 2
    },
    {
      "text": "norma contemplada presente",
      "relevance": 0.531665,
      "count": 1
    },
    {
      "text": "constancia registro",
      "relevance": 0.529397,
      "count": 1
    },
    {
      "text": "exigidas plan paragrafo",
      "relevance": 0.528276,
      "count": 1
    },
    {
      "text": "resolucion no134",
      "relevance": 0.527455,
      "count": 1
    },
    {
      "text": "trabajos grado",
      "relevance": 0.524738,
      "count": 1
    },
    {
      "text": "totalidad asignaturas",
      "relevance": 0.524697,
      "count": 1
    },
    {
      "text": "consejo superior",
      "relevance": 0.524465,
      "count": 1
    },
    {
      "text": "casos excepcionales",
      "relevance": 0.523726,
      "count": 1
    },
    {
      "text": "colombianos mayores",
      "relevance": 0.523581,
      "count": 1
    },
    {
      "text": "fecha gradouniversidad",
      "relevance": 0.521208,
      "count": 1
    },
    {
      "text": "actividades matriculadas",
      "relevance": 0.520655,
      "count": 1
    },
    {
      "text": "fotocopia documento",
      "relevance": 0.520328,
      "count": 1
    },
    {
      "text": "fecha ceremonia grado",
      "relevance": 0.51805,
      "count": 1
    },
    {
      "text": "respectivas secretartas",
      "relevance": 0.517626,
      "count": 1
    },
    {
      "text": "fecha reciente secretaria",
      "relevance": 0.515936,
      "count": 1
    }
  ]
}