{
  "usage": {
    "text_units": 1,
    "text_characters": 1311,
    "features": 1
  },
  "language": "es",
  "keywords": [
    {
      "text": "consejo academico",
      "relevance": 0.850531,
      "count": 4
    },
    {
      "text": "meneses gonzalez identificado",
      "relevance": 0.720088,
      "count": 1
    },
    {
      "text": "grado pestumo",
      "relevance": 0.686136,
      "count": 1
    },
    {
      "text": "universidad valle",
      "relevance": 0.685815,
      "count": 3
    },
    {
      "text": "estudiante programa academico",
      "relevance": 0.592037,
      "count": 1
    },
    {
      "text": "requisitos establecidos",
      "relevance": 0.590488,
      "count": 1
    },
    {
      "text": "grado postumo",
      "relevance": 0.584571,
      "count": 1
    },
    {
      "text": "consejo academico requeridos",
      "relevance": 0.578558,
      "count": 1
    },
    {
      "text": "meneses gonzalez",
      "relevance": 0.570836,
      "count": 3
    },
    {
      "text": "titulo administrador",
      "relevance": 0.545123,
      "count": 1
    },
    {
      "text": "diploma respectivo familiares",
      "relevance": 0.524631,
      "count": 1
    },
    {
      "text": "ceremonia grado privada",
      "relevance": 0.517275,
      "count": 1
    },
    {
      "text": "exigidas normatividad interna",
      "relevance": 0.515396,
      "count": 1
    },
    {
      "text": "reuniones consejo academico",
      "relevance": 0.506219,
      "count": 1
    },
    {
      "text": "grado poestumo",
      "relevance": 0.505329,
      "count": 1
    },
    {
      "text": "cumplido obligaciones",
      "relevance": 0.503491,
      "count": 1
    },
    {
      "text": "fecha hora",
      "relevance": 0.503224,
      "count": 1
    },
    {
      "text": "momento fallecimiento",
      "relevance": 0.499743,
      "count": 1
    },
    {
      "text": "uso atribuciones",
      "relevance": 0.498563,
      "count": 1
    },
    {
      "text": "administrador empresas",
      "relevance": 0.496934,
      "count": 1
    },
    {
      "text": "universidaduniversidad valle",
      "relevance": 0.494653,
      "count": 1
    },
    {
      "text": "resolucion no159-2015",
      "relevance": 0.488284,
      "count": 1
    },
    {
      "text": "mes diciembre",
      "relevance": 0.483487,
      "count": 1
    },
    {
      "text": "varela barrios rector",
      "relevance": 0.476716,
      "count": 1
    },
    {
      "text": "otorgamiento grado postumo sefior",
      "relevance": 0.453514,
      "count": 1
    },
    {
      "text": "resolucion",
      "relevance": 0.444605,
      "count": 2
    },
    {
      "text": "diciembre",
      "relevance": 0.442841,
      "count": 2
    },
    {
      "text": "castillo gomez",
      "relevance": 0.442271,
      "count": 1
    },
    {
      "text": "empresas",
      "relevance": 0.437221,
      "count": 2
    },
    {
      "text": "ciencias",
      "relevance": 0.435495,
      "count": 2
    }
  ]
}