{
  "usage": {
    "text_units": 1,
    "text_characters": 1616,
    "features": 1
  },
  "language": "es",
  "keywords": [
    {
      "text": "consejo academico",
      "relevance": 0.834343,
      "count": 6
    },
    {
      "text": "sedes regionales",
      "relevance": 0.680446,
      "count": 1
    },
    {
      "text": "universidad valle",
      "relevance": 0.607603,
      "count": 2
    },
    {
      "text": "pago admitidos",
      "relevance": 0.607379,
      "count": 1
    },
    {
      "text": "academica admitidos primer",
      "relevance": 0.584103,
      "count": 1
    },
    {
      "text": "adicional reinscripcion",
      "relevance": 0.583627,
      "count": 1
    },
    {
      "text": "desarrollo proceso",
      "relevance": 0.53696,
      "count": 1
    },
    {
      "text": "documentos admitidos primer",
      "relevance": 0.536416,
      "count": 1
    },
    {
      "text": "desarrollo periodo academico",
      "relevance": 0.530337,
      "count": 1
    },
    {
      "text": "febrero solicitud via",
      "relevance": 0.529428,
      "count": 1
    },
    {
      "text": "reingreso reingreso",
      "relevance": 0.529202,
      "count": 1
    },
    {
      "text": "banco admitidos",
      "relevance": 0.518824,
      "count": 1
    },
    {
      "text": "salon reuniones rectoria",
      "relevance": 0.518467,
      "count": 1
    },
    {
      "text": "adicional reinscripcion transferencia",
      "relevance": 0.516262,
      "count": 1
    },
    {
      "text": "academica estudiantes antiguos",
      "relevance": 0.51218,
      "count": 1
    },
    {
      "text": "estatuto general",
      "relevance": 0.509489,
      "count": 1
    },
    {
      "text": "recargouniversidad valle resolucion",
      "relevance": 0.508274,
      "count": 1
    },
    {
      "text": "uso atribuciones",
      "relevance": 0.506781,
      "count": 1
    },
    {
      "text": "santiago cali",
      "relevance": 0.504919,
      "count": 1
    },
    {
      "text": "presidente documento original",
      "relevance": 0.504908,
      "count": 1
    },
    {
      "text": "asignaturas sede",
      "relevance": 0.501921,
      "count": 1
    },
    {
      "text": "calendario admision",
      "relevance": 0.499945,
      "count": 1
    },
    {
      "text": "mes diciembre",
      "relevance": 0.497421,
      "count": 1
    },
    {
      "text": "traslado cambios",
      "relevance": 0.497161,
      "count": 1
    },
    {
      "text": "registro academico",
      "relevance": 0.495711,
      "count": 1
    },
    {
      "text": "recepcion documentos",
      "relevance": 0.49458,
      "count": 1
    },
    {
      "text": "descarga recibos",
      "relevance": 0.49402,
      "count": 1
    },
    {
      "text": "sede san",
      "relevance": 0.492428,
      "count": 1
    },
    {
      "text": "vigentes resoluciones",
      "relevance": 0.490993,
      "count": 1
    },
    {
      "text": "varela barrios rector",
      "relevance": 0.49096,
      "count": 1
    }
  ]
}