{
  "usage": {
    "text_units": 1,
    "text_characters": 3522,
    "features": 1
  },
  "language": "es",
  "keywords": [
    {
      "text": "universidad universidad valle",
      "relevance": 0.650685,
      "count": 1
    },
    {
      "text": "experiencia profesional",
      "relevance": 0.614165,
      "count": 2
    },
    {
      "text": "primer caso comite",
      "relevance": 0.59825,
      "count": 1
    },
    {
      "text": "planes estudios ofrecidos",
      "relevance": 0.562191,
      "count": 1
    },
    {
      "text": "consejo academico",
      "relevance": 0.561736,
      "count": 2
    },
    {
      "text": "facultad ingenierias",
      "relevance": 0.556767,
      "count": 1
    },
    {
      "text": "intelectual cursos actividades",
      "relevance": 0.546823,
      "count": 1
    },
    {
      "text": "proyectos relevantes",
      "relevance": 0.545676,
      "count": 1
    },
    {
      "text": "requisitos exigidos",
      "relevance": 0.545011,
      "count": 1
    },
    {
      "text": "solicitudes campos",
      "relevance": 0.544151,
      "count": 1
    },
    {
      "text": "entrevista candidato",
      "relevance": 0.543697,
      "count": 1
    },
    {
      "text": "consejo directivo",
      "relevance": 0.542908,
      "count": 1
    },
    {
      "text": "campo profesional",
      "relevance": 0.538777,
      "count": 1
    },
    {
      "text": "trabajos realizados",
      "relevance": 0.537726,
      "count": 1
    },
    {
      "text": "ingeniero industria empresas",
      "relevance": 0.5336,
      "count": 1
    },
    {
      "text": "facultad ingenieria",
      "relevance": 0.533565,
      "count": 1
    },
    {
      "text": "idoneidad candidato",
      "relevance": 0.527629,
      "count": 1
    },
    {
      "text": "examenes escritos",
      "relevance": 0.527349,
      "count": 1
    },
    {
      "text": "universidad valle",
      "relevance": 0.525792,
      "count": 1
    },
    {
      "text": "hoja vida academica",
      "relevance": 0.524106,
      "count": 1
    },
    {
      "text": "reconocimiento experiencia profesional",
      "relevance": 0.523691,
      "count": 1
    },
    {
      "text": "solicitud director",
      "relevance": 0.521028,
      "count": 1
    },
    {
      "text": "equivalentes superiores",
      "relevance": 0.520081,
      "count": 1
    },
    {
      "text": "otorgamiento grados",
      "relevance": 0.518639,
      "count": 1
    },
    {
      "text": "estudios homologados",
      "relevance": 0.517001,
      "count": 1
    },
    {
      "text": "docentes area",
      "relevance": 0.516594,
      "count": 1
    },
    {
      "text": "programa respectivo",
      "relevance": 0.514878,
      "count": 1
    },
    {
      "text": "estudio viabilidad",
      "relevance": 0.513645,
      "count": 1
    },
    {
      "text": "comite",
      "relevance": 0.512204,
      "count": 1
    },
    {
      "text": "unico ademas criterios",
      "relevance": 0.509168,
      "count": 1
    }
  ]
}