{
  "usage": {
    "text_units": 1,
    "text_characters": 2099,
    "features": 1
  },
  "language": "es",
  "keywords": [
    {
      "text": "consejo superior",
      "relevance": 0.716,
      "count": 4
    },
    {
      "text": "universidad valle",
      "relevance": 0.715036,
      "count": 4
    },
    {
      "text": "promedios exigidos",
      "relevance": 0.618094,
      "count": 1
    },
    {
      "text": "estudiantes regulares",
      "relevance": 0.568643,
      "count": 1
    },
    {
      "text": "siguientes requisitos",
      "relevance": 0.560236,
      "count": 1
    },
    {
      "text": "tipo monitoria",
      "relevance": 0.558323,
      "count": 1
    },
    {
      "text": "experiencias anteriores",
      "relevance": 0.549838,
      "count": 1
    },
    {
      "text": "caso promedio minimo",
      "relevance": 0.543924,
      "count": 1
    },
    {
      "text": "requisitos segun",
      "relevance": 0.542277,
      "count": 1
    },
    {
      "text": "siguientes paragrafos",
      "relevance": 0.540118,
      "count": 1
    },
    {
      "text": "estudiantes promedio exigido",
      "relevance": 0.532847,
      "count": 1
    },
    {
      "text": "situacion socioeconedmica mayoria",
      "relevance": 0.531235,
      "count": 1
    },
    {
      "text": "disponibilidad tiempo certificada",
      "relevance": 0.530002,
      "count": 1
    },
    {
      "text": "director programa respectivo",
      "relevance": 0.525081,
      "count": 1
    },
    {
      "text": "rectoria universidad reglament6",
      "relevance": 0.521646,
      "count": 1
    },
    {
      "text": "acuerdo indice",
      "relevance": 0.5208,
      "count": 1
    },
    {
      "text": "precios consumidor",
      "relevance": 0.519203,
      "count": 1
    },
    {
      "text": "estimulo econemico",
      "relevance": 0.518136,
      "count": 1
    },
    {
      "text": "reuniones consejo academico",
      "relevance": 0.514034,
      "count": 1
    },
    {
      "text": "dada santiago",
      "relevance": 0.510098,
      "count": 1
    },
    {
      "text": "tipo actividad",
      "relevance": 0.508725,
      "count": 1
    },
    {
      "text": "cali salon",
      "relevance": 0.507236,
      "count": 1
    },
    {
      "text": "resolucion",
      "relevance": 0.505731,
      "count": 8
    },
    {
      "text": "especiales podrdn",
      "relevance": 0.504486,
      "count": 1
    },
    {
      "text": "estatuto general",
      "relevance": 0.502755,
      "count": 1
    },
    {
      "text": "literal i",
      "relevance": 0.499925,
      "count": 1
    },
    {
      "text": "estudiantes promedio",
      "relevance": 0.499724,
      "count": 1
    },
    {
      "text": "mes febrero",
      "relevance": 0.498881,
      "count": 1
    },
    {
      "text": "presidente angelino",
      "relevance": 0.496359,
      "count": 1
    },
    {
      "text": "garzon gobernador",
      "relevance": 0.491054,
      "count": 1
    }
  ]
}