{
  "usage": {
    "text_units": 1,
    "text_characters": 2311,
    "features": 1
  },
  "language": "es",
  "keywords": [
    {
      "text": "universidad valle",
      "relevance": 0.73716,
      "count": 4
    },
    {
      "text": "consejo superior",
      "relevance": 0.704958,
      "count": 3
    },
    {
      "text": "estudiante podra",
      "relevance": 0.640194,
      "count": 1
    },
    {
      "text": "marco intercambios estudiantiles",
      "relevance": 0.576225,
      "count": 1
    },
    {
      "text": "beneficiario monitoria",
      "relevance": 0.573517,
      "count": 1
    },
    {
      "text": "factor importante",
      "relevance": 0.564374,
      "count": 1
    },
    {
      "text": "uso atribuciones especial",
      "relevance": 0.562234,
      "count": 1
    },
    {
      "text": "siguiente manera",
      "relevance": 0.559744,
      "count": 2
    },
    {
      "text": "estudiantes instituciones",
      "relevance": 0.546811,
      "count": 1
    },
    {
      "text": "ejercicio actividades encomendadas",
      "relevance": 0.536216,
      "count": 1
    },
    {
      "text": "estudiante podrd",
      "relevance": 0.530665,
      "count": 1
    },
    {
      "text": "matriculados universidad valle",
      "relevance": 0.52633,
      "count": 1
    },
    {
      "text": "casos entrenamiento especial",
      "relevance": 0.522705,
      "count": 1
    },
    {
      "text": "beneficiario monitoria maximo",
      "relevance": 0.521287,
      "count": 1
    },
    {
      "text": "modalidad vez cumplidos",
      "relevance": 0.518691,
      "count": 1
    },
    {
      "text": "semestres misma",
      "relevance": 0.514564,
      "count": 1
    },
    {
      "text": "parte jefe inmediato",
      "relevance": 0.51441,
      "count": 1
    },
    {
      "text": "estudiantes universidades",
      "relevance": 0.514006,
      "count": 1
    },
    {
      "text": "consonancia politica interinstitucional",
      "relevance": 0.511017,
      "count": 1
    },
    {
      "text": "extensi6n monitoria",
      "relevance": 0.505332,
      "count": 1
    },
    {
      "text": "intercambio estudiantil",
      "relevance": 0.504674,
      "count": 1
    },
    {
      "text": "reuniones despacho gobernador",
      "relevance": 0.503971,
      "count": 1
    },
    {
      "text": "presidente gustavo",
      "relevance": 0.502835,
      "count": 1
    },
    {
      "text": "normas contrarias particular",
      "relevance": 0.502666,
      "count": 1
    },
    {
      "text": "disminucion deserci6",
      "relevance": 0.500457,
      "count": 1
    },
    {
      "text": "semestres previa",
      "relevance": 0.499299,
      "count": 1
    },
    {
      "text": "cali salon",
      "relevance": 0.49712,
      "count": 1
    },
    {
      "text": "estudiantes discapacitados",
      "relevance": 0.496354,
      "count": 1
    },
    {
      "text": "busqueda propodsitos",
      "relevance": 0.492873,
      "count": 1
    },
    {
      "text": "moreno montalvo representante",
      "relevance": 0.492567,
      "count": 1
    }
  ]
}