{
  "usage": {
    "text_units": 1,
    "text_characters": 7867,
    "features": 1
  },
  "language": "es",
  "keywords": [
    {
      "text": "hoteleras diu",
      "relevance": 0.859038,
      "count": 1
    },
    {
      "text": "max tecnologia",
      "relevance": 0.822595,
      "count": 2
    },
    {
      "text": "licenciatura historia diu",
      "relevance": 0.766676,
      "count": 1
    },
    {
      "text": "sedes regionales",
      "relevance": 0.687047,
      "count": 2
    },
    {
      "text": "consejo academico",
      "relevance": 0.637777,
      "count": 4
    },
    {
      "text": "universidad valle",
      "relevance": 0.635316,
      "count": 3
    },
    {
      "text": "contaduria publica",
      "relevance": 0.606217,
      "count": 6
    },
    {
      "text": "empresas noc",
      "relevance": 0.591926,
      "count": 4
    },
    {
      "text": "tecnologia agroambiental",
      "relevance": 0.582155,
      "count": 2
    },
    {
      "text": "oferta programas",
      "relevance": 0.5729,
      "count": 1
    },
    {
      "text": "total sede",
      "relevance": 0.570439,
      "count": 3
    },
    {
      "text": "licenciatura literatura",
      "relevance": 0.568039,
      "count": 2
    },
    {
      "text": "cupos admision primer",
      "relevance": 0.549244,
      "count": 1
    },
    {
      "text": "talento humano",
      "relevance": 0.548099,
      "count": 1
    },
    {
      "text": "caicedonia tecnologia",
      "relevance": 0.548027,
      "count": 1
    },
    {
      "text": "comercio exterior",
      "relevance": 0.544692,
      "count": 1
    },
    {
      "text": "tecnologia sistemas",
      "relevance": 0.5317,
      "count": 3
    },
    {
      "text": "comunicacion social",
      "relevance": 0.519116,
      "count": 1
    },
    {
      "text": "licenciatura musica",
      "relevance": 0.517187,
      "count": 1
    },
    {
      "text": "total sede caicedonia",
      "relevance": 0.508465,
      "count": 1
    },
    {
      "text": "empresas diu",
      "relevance": 0.504896,
      "count": 2
    },
    {
      "text": "jornada cupos",
      "relevance": 0.502598,
      "count": 1
    },
    {
      "text": "trabajo social",
      "relevance": 0.501571,
      "count": 2
    },
    {
      "text": "265universidad valle resolucion",
      "relevance": 0.499293,
      "count": 1
    },
    {
      "text": "programa academico",
      "relevance": 0.498627,
      "count": 3
    },
    {
      "text": "tecnologia mantenimiento",
      "relevance": 0.498479,
      "count": 2
    },
    {
      "text": "logistica noc",
      "relevance": 0.496026,
      "count": 1
    },
    {
      "text": "ingenieria industrial",
      "relevance": 0.492333,
      "count": 2
    },
    {
      "text": "licenciatura ciencias",
      "relevance": 0.491326,
      "count": 1
    },
    {
      "text": "licenciatura arte dramatico",
      "relevance": 0.490505,
      "count": 1
    }
  ]
}