{
  "usage": {
    "text_units": 1,
    "text_characters": 1112,
    "features": 1
  },
  "language": "es",
  "keywords": [
    {
      "text": "consejo superior",
      "relevance": 0.81239,
      "count": 3
    },
    {
      "text": "universidad valle",
      "relevance": 0.778663,
      "count": 3
    },
    {
      "text": "personas vinculadas",
      "relevance": 0.725618,
      "count": 1
    },
    {
      "text": "alternativa grado enero",
      "relevance": 0.713624,
      "count": 1
    },
    {
      "text": "programa alternativa",
      "relevance": 0.566449,
      "count": 1
    },
    {
      "text": "trabajo grado",
      "relevance": 0.566043,
      "count": 1
    },
    {
      "text": "rendimiento asociado",
      "relevance": 0.56256,
      "count": 1
    },
    {
      "text": "reuniones despacho gobernador",
      "relevance": 0.545636,
      "count": 1
    },
    {
      "text": "grado programas",
      "relevance": 0.531668,
      "count": 1
    },
    {
      "text": "razones distintas",
      "relevance": 0.520755,
      "count": 1
    },
    {
      "text": "titulo universitario",
      "relevance": 0.51724,
      "count": 1
    },
    {
      "text": "trabajo gradouniversidad",
      "relevance": 0.515985,
      "count": 1
    },
    {
      "text": "rendimiento originada",
      "relevance": 0.512191,
      "count": 1
    },
    {
      "text": "dada santiago",
      "relevance": 0.510744,
      "count": 1
    },
    {
      "text": "estatuto general",
      "relevance": 0.508298,
      "count": 1
    },
    {
      "text": "cali salon",
      "relevance": 0.503675,
      "count": 1
    },
    {
      "text": "mes mayo",
      "relevance": 0.495427,
      "count": 1
    },
    {
      "text": "presidente angelino",
      "relevance": 0.488964,
      "count": 1
    },
    {
      "text": "garzon gobernador",
      "relevance": 0.480828,
      "count": 1
    },
    {
      "text": "rendimiento",
      "relevance": 0.460456,
      "count": 2
    },
    {
      "text": "resolucion",
      "relevance": 0.458652,
      "count": 3
    },
    {
      "text": "lopez pulecio",
      "relevance": 0.450836,
      "count": 1
    },
    {
      "text": "secretario general",
      "relevance": 0.450403,
      "count": 1
    },
    {
      "text": "universidad calidad estudiantes regulares",
      "relevance": 0.446373,
      "count": 1
    },
    {
      "text": "uso atribuciones legales especial",
      "relevance": 0.443319,
      "count": 1
    },
    {
      "text": "situacion",
      "relevance": 0.434554,
      "count": 1
    },
    {
      "text": "mayo",
      "relevance": 0.430657,
      "count": 1
    },
    {
      "text": "personas",
      "relevance": 0.428467,
      "count": 2
    },
    {
      "text": "enero",
      "relevance": 0.42652,
      "count": 2
    },
    {
      "text": "incumplimiento",
      "relevance": 0.422909,
      "count": 1
    }
  ]
}