{
  "usage": {
    "text_units": 1,
    "text_characters": 725,
    "features": 1
  },
  "language": "es",
  "keywords": [
    {
      "text": "universidad valle ooaoaoooaoaoooooooaouoommmma",
      "relevance": 0.894356,
      "count": 1
    },
    {
      "text": "consejo superior",
      "relevance": 0.879265,
      "count": 2
    },
    {
      "text": "vigencia norma",
      "relevance": 0.679131,
      "count": 1
    },
    {
      "text": "opcional asignatura universidad",
      "relevance": 0.607685,
      "count": 1
    },
    {
      "text": "universidad valle",
      "relevance": 0.605725,
      "count": 1
    },
    {
      "text": "estatuto general",
      "relevance": 0.538326,
      "count": 1
    },
    {
      "text": "uso atribuciones",
      "relevance": 0.533802,
      "count": 1
    },
    {
      "text": "santiago cali",
      "relevance": 0.514281,
      "count": 1
    },
    {
      "text": "reuniones despacho",
      "relevance": 0.505219,
      "count": 1
    },
    {
      "text": "villegas gobernador",
      "relevance": 0.501184,
      "count": 1
    },
    {
      "text": "mes marzo",
      "relevance": 0.499232,
      "count": 1
    },
    {
      "text": "secretario general",
      "relevance": 0.437427,
      "count": 1
    },
    {
      "text": "universidad",
      "relevance": 0.418767,
      "count": 1
    },
    {
      "text": "marzo",
      "relevance": 0.403382,
      "count": 1
    },
    {
      "text": "wamuaqqqoooooaoaeeee",
      "relevance": 0.392888,
      "count": 1
    },
    {
      "text": "agosto",
      "relevance": 0.392692,
      "count": 1
    },
    {
      "text": "gobernador",
      "relevance": 0.392104,
      "count": 1
    },
    {
      "text": "resolucion",
      "relevance": 0.390712,
      "count": 1
    },
    {
      "text": "vigencia",
      "relevance": 0.390182,
      "count": 1
    },
    {
      "text": "consejo",
      "relevance": 0.390098,
      "count": 1
    },
    {
      "text": "unico",
      "relevance": 0.388984,
      "count": 1
    },
    {
      "text": "dias",
      "relevance": 0.382897,
      "count": 1
    },
    {
      "text": "presidente",
      "relevance": 0.379548,
      "count": 1
    },
    {
      "text": "departamento",
      "relevance": 0.374761,
      "count": 1
    }
  ]
}