{
  "usage": {
    "text_units": 1,
    "text_characters": 4632,
    "features": 1
  },
  "language": "es",
  "keywords": [
    {
      "text": "universidad valle",
      "relevance": 0.745719,
      "count": 3
    },
    {
      "text": "consejo superior",
      "relevance": 0.680609,
      "count": 5
    },
    {
      "text": "territorio nacional",
      "relevance": 0.586728,
      "count": 2
    },
    {
      "text": "universidad valle correspondientes",
      "relevance": 0.566446,
      "count": 2
    },
    {
      "text": "estatuto general",
      "relevance": 0.558356,
      "count": 2
    },
    {
      "text": "financiera estudiantes",
      "relevance": 0.549126,
      "count": 2
    },
    {
      "text": "desarrollo autonomia universitaria",
      "relevance": 0.54667,
      "count": 1
    },
    {
      "text": "efectos negativos",
      "relevance": 0.539768,
      "count": 1
    },
    {
      "text": "enfermedad causada",
      "relevance": 0.535803,
      "count": 1
    },
    {
      "text": "marzo afo",
      "relevance": 0.533956,
      "count": 1
    },
    {
      "text": "recesion economica grandes",
      "relevance": 0.527718,
      "count": 1
    },
    {
      "text": "propios estatutos",
      "relevance": 0.524744,
      "count": 1
    },
    {
      "text": "resolucion no040",
      "relevance": 0.523515,
      "count": 2
    },
    {
      "text": "deudas pendientes",
      "relevance": 0.521155,
      "count": 2
    },
    {
      "text": "universidades derecho",
      "relevance": 0.520859,
      "count": 1
    },
    {
      "text": "6n politica",
      "relevance": 0.519992,
      "count": 1
    },
    {
      "text": "salud economia",
      "relevance": 0.51867,
      "count": 1
    },
    {
      "text": "gran mayoria estudiantes",
      "relevance": 0.51838,
      "count": 1
    },
    {
      "text": "costo colateral",
      "relevance": 0.516309,
      "count": 1
    },
    {
      "text": "periodo academico",
      "relevance": 0.515992,
      "count": 2
    },
    {
      "text": "planes programas academicos",
      "relevance": 0.51446,
      "count": 1
    },
    {
      "text": "proporciones desempleo aumentado",
      "relevance": 0.513966,
      "count": 1
    },
    {
      "text": "medida transitoria",
      "relevance": 0.513771,
      "count": 2
    },
    {
      "text": "emergencia sanitaria",
      "relevance": 0.513474,
      "count": 1
    },
    {
      "text": "consejo superior maximo",
      "relevance": 0.51339,
      "count": 1
    },
    {
      "text": "universidades estado",
      "relevance": 0.513306,
      "count": 1
    },
    {
      "text": "labores formativas",
      "relevance": 0.513269,
      "count": 1
    },
    {
      "text": "capacidad adquisitiva perdida",
      "relevance": 0.512626,
      "count": 1
    },
    {
      "text": "corresponsabilidad social",
      "relevance": 0.512586,
      "count": 1
    },
    {
      "text": "ley establecera",
      "relevance": 0.512348,
      "count": 1
    }
  ]
}