{
  "usage": {
    "text_units": 1,
    "text_characters": 9509,
    "features": 1
  },
  "language": "es",
  "keywords": [
    {
      "text": "consejo superior",
      "relevance": 0.721227,
      "count": 3
    },
    {
      "text": "asistencia docencia",
      "relevance": 0.617073,
      "count": 2
    },
    {
      "text": "universidad valle",
      "relevance": 0.573044,
      "count": 2
    },
    {
      "text": "acuerdo calendario academico",
      "relevance": 0.570928,
      "count": 1
    },
    {
      "text": "programa asistentes",
      "relevance": 0.564078,
      "count": 1
    },
    {
      "text": "mencionada resolucion",
      "relevance": 0.555791,
      "count": 1
    },
    {
      "text": "asistencias docencia",
      "relevance": 0.551526,
      "count": 2
    },
    {
      "text": "maestria doctorado",
      "relevance": 0.547769,
      "count": 1
    },
    {
      "text": "consejo academico",
      "relevance": 0.542365,
      "count": 1
    },
    {
      "text": "promedio ponderado",
      "relevance": 0.539991,
      "count": 1
    },
    {
      "text": "siguientes requisitos",
      "relevance": 0.539681,
      "count": 1
    },
    {
      "text": "apoyo econdemico vigente",
      "relevance": 0.538289,
      "count": 1
    },
    {
      "text": "requisitos establecidos presente",
      "relevance": 0.536037,
      "count": 1
    },
    {
      "text": "reglamentacion asistencias",
      "relevance": 0.535529,
      "count": 1
    },
    {
      "text": "periodo academico regular",
      "relevance": 0.533835,
      "count": 2
    },
    {
      "text": "contratos asistentes",
      "relevance": 0.530396,
      "count": 1
    },
    {
      "text": "beneficio proporcion restante",
      "relevance": 0.524589,
      "count": 1
    },
    {
      "text": "docencia estrategia institucional",
      "relevance": 0.519559,
      "count": 1
    },
    {
      "text": "tiempo completo",
      "relevance": 0.517425,
      "count": 1
    },
    {
      "text": "consejo superior modificd",
      "relevance": 0.51704,
      "count": 1
    },
    {
      "text": "grupo investigacion reconocido",
      "relevance": 0.516887,
      "count": 1
    },
    {
      "text": "monto total",
      "relevance": 0.516803,
      "count": 1
    },
    {
      "text": "inicio semestre academico regular",
      "relevance": 0.515822,
      "count": 1
    },
    {
      "text": "instituto academico",
      "relevance": 0.515148,
      "count": 2
    },
    {
      "text": "tiempo parcial",
      "relevance": 0.514764,
      "count": 1
    },
    {
      "text": "inconsistencia duraci6",
      "relevance": 0.514339,
      "count": 1
    },
    {
      "text": "posgrado beneficiarios",
      "relevance": 0.513656,
      "count": 1
    },
    {
      "text": "apoyo econdemico mensual estudiantes",
      "relevance": 0.513428,
      "count": 1
    },
    {
      "text": "semanas contratos",
      "relevance": 0.512662,
      "count": 1
    },
    {
      "text": "vocacion academico-investigativa",
      "relevance": 0.512057,
      "count": 1
    }
  ]
}