{
  "usage": {
    "text_units": 2,
    "text_characters": 16278,
    "features": 1
  },
  "language": "es",
  "keywords": [
    {
      "text": "consejo academico",
      "relevance": 0.710481,
      "count": 6
    },
    {
      "text": "universidad valle",
      "relevance": 0.677105,
      "count": 3
    },
    {
      "text": "condiciones excepcion",
      "relevance": 0.573694,
      "count": 1
    },
    {
      "text": "admisiones fechas establecidas",
      "relevance": 0.56141,
      "count": 1
    },
    {
      "text": "ministerio interior",
      "relevance": 0.559218,
      "count": 3
    },
    {
      "text": "capitulo cuarto",
      "relevance": 0.550499,
      "count": 3
    },
    {
      "text": "derechos humanos",
      "relevance": 0.542713,
      "count": 1
    },
    {
      "text": "miembro activo",
      "relevance": 0.537099,
      "count": 1
    },
    {
      "text": "cupo asignado",
      "relevance": 0.536999,
      "count": 1
    },
    {
      "text": "comunidades negras",
      "relevance": 0.534374,
      "count": 1
    },
    {
      "text": "programa academico adicional",
      "relevance": 0.532011,
      "count": 1
    },
    {
      "text": "estatuto general",
      "relevance": 0.531124,
      "count": 2
    },
    {
      "text": "web area",
      "relevance": 0.53012,
      "count": 2
    },
    {
      "text": "afirmativa acceso programas",
      "relevance": 0.528227,
      "count": 1
    },
    {
      "text": "documentos exigidos",
      "relevance": 0.525677,
      "count": 1
    },
    {
      "text": "traves mecanismos politica",
      "relevance": 0.523155,
      "count": 1
    },
    {
      "text": "siguientes condiciones excepci6",
      "relevance": 0.522723,
      "count": 1
    },
    {
      "text": "condiciones vida",
      "relevance": 0.521751,
      "count": 1
    },
    {
      "text": "fotografia reciente",
      "relevance": 0.520241,
      "count": 1
    },
    {
      "text": "registrados censo cabildo",
      "relevance": 0.520197,
      "count": 1
    },
    {
      "text": "acuerdo procedimiento definido",
      "relevance": 0.5188,
      "count": 1
    },
    {
      "text": "comunidad resguardo",
      "relevance": 0.517295,
      "count": 2
    },
    {
      "text": "admisiones division",
      "relevance": 0.512582,
      "count": 1
    },
    {
      "text": "constancia vigencia mayor",
      "relevance": 0.509586,
      "count": 1
    },
    {
      "text": "uso atribuciones especial",
      "relevance": 0.508197,
      "count": 1
    },
    {
      "text": "diversidad etnica cultural",
      "relevance": 0.507053,
      "count": 1
    },
    {
      "text": "admisiones registro academico",
      "relevance": 0.506116,
      "count": 1
    },
    {
      "text": "superior caracter publico",
      "relevance": 0.505749,
      "count": 1
    },
    {
      "text": "color fondo blanco",
      "relevance": 0.505748,
      "count": 1
    },
    {
      "text": "proyecci6n social",
      "relevance": 0.504313,
      "count": 1
    }
  ]
}