{
  "usage": {
    "text_units": 5,
    "text_characters": 40131,
    "features": 1
  },
  "language": "es",
  "keywords": [
    {
      "text": "universidad valle",
      "relevance": 0.809715,
      "count": 3
    },
    {
      "text": "estimulos academicos",
      "relevance": 0.648065,
      "count": 1
    },
    {
      "text": "consejo superior",
      "relevance": 0.625077,
      "count": 3
    },
    {
      "text": "desarrollo profesoral",
      "relevance": 0.595446,
      "count": 1
    },
    {
      "text": "profesores oportunidades",
      "relevance": 0.579983,
      "count": 1
    },
    {
      "text": "estatuto general",
      "relevance": 0.569824,
      "count": 2
    },
    {
      "text": "beneficiarios estimulos",
      "relevance": 0.566977,
      "count": 1
    },
    {
      "text": "actividades actualizacion",
      "relevance": 0.561563,
      "count": 1
    },
    {
      "text": "intereses particulares",
      "relevance": 0.559234,
      "count": 1
    },
    {
      "text": "desarrollo carrera profesoral",
      "relevance": 0.55577,
      "count": 2
    },
    {
      "text": "universidad cumplimiento",
      "relevance": 0.548042,
      "count": 1
    },
    {
      "text": "materia desarrollo academico",
      "relevance": 0.547918,
      "count": 1
    },
    {
      "text": "universidad publica general",
      "relevance": 0.546967,
      "count": 1
    },
    {
      "text": "comisiones estudios academicas",
      "relevance": 0.544175,
      "count": 1
    },
    {
      "text": "intereses generales",
      "relevance": 0.543756,
      "count": 1
    },
    {
      "text": "universidad valle particular",
      "relevance": 0.530514,
      "count": 1
    },
    {
      "text": "profesores tiempo",
      "relevance": 0.51978,
      "count": 1
    },
    {
      "text": "manera discrecional presente",
      "relevance": 0.518193,
      "count": 1
    },
    {
      "text": "universidad tiempo",
      "relevance": 0.517794,
      "count": 1
    },
    {
      "text": "definidos proyecto institucional",
      "relevance": 0.516897,
      "count": 1
    },
    {
      "text": "posgrado diversas",
      "relevance": 0.515313,
      "count": 1
    },
    {
      "text": "vinculados universidad nombramiento",
      "relevance": 0.514943,
      "count": 1
    },
    {
      "text": "fortalezas universidad publica",
      "relevance": 0.512315,
      "count": 1
    },
    {
      "text": "6n indispensable",
      "relevance": 0.511289,
      "count": 1
    },
    {
      "text": "literal g",
      "relevance": 0.510755,
      "count": 1
    },
    {
      "text": "altos niveles calidad",
      "relevance": 0.510082,
      "count": 1
    },
    {
      "text": "modalidades exigencia generalizada",
      "relevance": 0.50624,
      "count": 1
    },
    {
      "text": "avanzada actualizacion permanente",
      "relevance": 0.504548,
      "count": 1
    },
    {
      "text": "conocimientos habilidades profesionales",
      "relevance": 0.503818,
      "count": 1
    },
    {
      "text": "profesor derroteros",
      "relevance": 0.502566,
      "count": 1
    }
  ]
}