{
  "usage": {
    "text_units": 1,
    "text_characters": 5171,
    "features": 1
  },
  "language": "es",
  "keywords": [
    {
      "text": "universidad valle",
      "relevance": 0.727441,
      "count": 4
    },
    {
      "text": "consejo academico",
      "relevance": 0.677963,
      "count": 6
    },
    {
      "text": "cultura paz",
      "relevance": 0.604863,
      "count": 2
    },
    {
      "text": "tiempo literal",
      "relevance": 0.59726,
      "count": 1
    },
    {
      "text": "conflicto armado interno",
      "relevance": 0.58959,
      "count": 1
    },
    {
      "text": "derechos humanos",
      "relevance": 0.588584,
      "count": 1
    },
    {
      "text": "conflictos traves",
      "relevance": 0.578784,
      "count": 1
    },
    {
      "text": "paz gobierno nacional",
      "relevance": 0.560754,
      "count": 1
    },
    {
      "text": "programa institucional",
      "relevance": 0.560616,
      "count": 1
    },
    {
      "text": "paz resoluci6",
      "relevance": 0.557676,
      "count": 1
    },
    {
      "text": "paz lineamientos",
      "relevance": 0.554977,
      "count": 1
    },
    {
      "text": "consejo superior",
      "relevance": 0.551523,
      "count": 1
    },
    {
      "text": "grupos armados",
      "relevance": 0.546187,
      "count": 1
    },
    {
      "text": "compromiso universidad",
      "relevance": 0.544844,
      "count": 1
    },
    {
      "text": "vida civil",
      "relevance": 0.544611,
      "count": 1
    },
    {
      "text": "proyeccion social",
      "relevance": 0.541491,
      "count": 1
    },
    {
      "text": "gobierno nacional",
      "relevance": 0.539199,
      "count": 1
    },
    {
      "text": "propositos programa",
      "relevance": 0.530362,
      "count": 1
    },
    {
      "text": "estatuto general",
      "relevance": 0.529191,
      "count": 2
    },
    {
      "text": "excombatientes grupos",
      "relevance": 0.5291,
      "count": 1
    },
    {
      "text": "poblacion victima",
      "relevance": 0.522374,
      "count": 1
    },
    {
      "text": "acceso programas",
      "relevance": 0.518159,
      "count": 1
    },
    {
      "text": "paz derechos",
      "relevance": 0.517445,
      "count": 1
    },
    {
      "text": "ingreso universidad",
      "relevance": 0.516808,
      "count": 1
    },
    {
      "text": "personas acogido",
      "relevance": 0.516409,
      "count": 1
    },
    {
      "text": "proyecto institucional",
      "relevance": 0.515692,
      "count": 1
    },
    {
      "text": "paz",
      "relevance": 0.512357,
      "count": 4
    },
    {
      "text": "sociedad justos participativos",
      "relevance": 0.512304,
      "count": 1
    },
    {
      "text": "sefala principios busqueda",
      "relevance": 0.510068,
      "count": 1
    },
    {
      "text": "registrada unidad atencion",
      "relevance": 0.509167,
      "count": 1
    }
  ]
}