{
  "usage": {
    "text_units": 1,
    "text_characters": 1728,
    "features": 1
  },
  "language": "es",
  "keywords": [
    {
      "text": "consejo academico",
      "relevance": 0.730078,
      "count": 4
    },
    {
      "text": "universidad valle",
      "relevance": 0.706507,
      "count": 3
    },
    {
      "text": "primer caso comite",
      "relevance": 0.636406,
      "count": 1
    },
    {
      "text": "titulos estadistico",
      "relevance": 0.612778,
      "count": 1
    },
    {
      "text": "consejo directivo",
      "relevance": 0.577528,
      "count": 1
    },
    {
      "text": "experiencia profesional",
      "relevance": 0.575218,
      "count": 1
    },
    {
      "text": "palabra estadistico numerales",
      "relevance": 0.569317,
      "count": 1
    },
    {
      "text": "facultad ingenieria",
      "relevance": 0.556066,
      "count": 2
    },
    {
      "text": "planes estudios ofrecidos",
      "relevance": 0.549999,
      "count": 1
    },
    {
      "text": "escrito idoneidad candidato",
      "relevance": 0.547222,
      "count": 1
    },
    {
      "text": "ingeniero estadistico",
      "relevance": 0.544071,
      "count": 2
    },
    {
      "text": "programa respectivo",
      "relevance": 0.540659,
      "count": 1
    },
    {
      "text": "estudio documentos",
      "relevance": 0.53726,
      "count": 1
    },
    {
      "text": "encaminadas tal fin",
      "relevance": 0.527895,
      "count": 1
    },
    {
      "text": "otorgamiento titulos",
      "relevance": 0.515818,
      "count": 1
    },
    {
      "text": "equivalentes superiores",
      "relevance": 0.509094,
      "count": 1
    },
    {
      "text": "equivalencias correspondientes",
      "relevance": 0.507163,
      "count": 1
    },
    {
      "text": "reuniones consejo academico",
      "relevance": 0.505967,
      "count": 1
    },
    {
      "text": "solicitud soportes",
      "relevance": 0.505313,
      "count": 1
    },
    {
      "text": "cursos actividades",
      "relevance": 0.504192,
      "count": 1
    },
    {
      "text": "documentos presentados",
      "relevance": 0.503041,
      "count": 1
    },
    {
      "text": "estatuto general",
      "relevance": 0.502912,
      "count": 1
    },
    {
      "text": "uso atribuciones",
      "relevance": 0.501928,
      "count": 1
    },
    {
      "text": "dada santiago",
      "relevance": 0.501453,
      "count": 1
    },
    {
      "text": "candidato completado",
      "relevance": 0.501433,
      "count": 1
    },
    {
      "text": "acuerdo dispuesto",
      "relevance": 0.500685,
      "count": 1
    },
    {
      "text": "articulo unico",
      "relevance": 0.498277,
      "count": 1
    },
    {
      "text": "cali salon",
      "relevance": 0.498243,
      "count": 1
    },
    {
      "text": "literal c",
      "relevance": 0.496156,
      "count": 1
    },
    {
      "text": "mes octubre",
      "relevance": 0.488651,
      "count": 1
    }
  ]
}