{
  "usage": {
    "text_units": 1,
    "text_characters": 7883,
    "features": 1
  },
  "language": "es",
  "keywords": [
    {
      "text": "comunidades afrocolombianas",
      "relevance": 0.614173,
      "count": 1
    },
    {
      "text": "diversidad etnica cultural",
      "relevance": 0.604676,
      "count": 2
    },
    {
      "text": "comunidades negras",
      "relevance": 0.591532,
      "count": 5
    },
    {
      "text": "universidad valle",
      "relevance": 0.58749,
      "count": 3
    },
    {
      "text": "identidad nacional",
      "relevance": 0.582703,
      "count": 2
    },
    {
      "text": "ciencia tecnica",
      "relevance": 0.578623,
      "count": 1
    },
    {
      "text": "ingreso programas academicos",
      "relevance": 0.574751,
      "count": 1
    },
    {
      "text": "tecnica artistica profesional",
      "relevance": 0.571325,
      "count": 2
    },
    {
      "text": "consejo academico",
      "relevance": 0.561908,
      "count": 2
    },
    {
      "text": "valores culturales",
      "relevance": 0.553468,
      "count": 1
    },
    {
      "text": "condiciones vida",
      "relevance": 0.548433,
      "count": 1
    },
    {
      "text": "igualdad oportunidades medio",
      "relevance": 0.543096,
      "count": 2
    },
    {
      "text": "acceso conocimiento",
      "relevance": 0.536875,
      "count": 1
    },
    {
      "text": "mejoramiento cultural cientifico",
      "relevance": 0.535679,
      "count": 1
    },
    {
      "text": "unidad nacional",
      "relevance": 0.535046,
      "count": 1
    },
    {
      "text": "programas especiales",
      "relevance": 0.533983,
      "count": 1
    },
    {
      "text": "valores cultura",
      "relevance": 0.533382,
      "count": 1
    },
    {
      "text": "miembros comunidades negras",
      "relevance": 0.5328,
      "count": 1
    },
    {
      "text": "traves mecanismos politica",
      "relevance": 0.531674,
      "count": 1
    },
    {
      "text": "derecho miembros",
      "relevance": 0.531174,
      "count": 1
    },
    {
      "text": "etapas proceso creacion",
      "relevance": 0.527522,
      "count": 2
    },
    {
      "text": "estimulos especiales",
      "relevance": 0.527088,
      "count": 1
    },
    {
      "text": "permanente ensefanza cientifica",
      "relevance": 0.52298,
      "count": 2
    },
    {
      "text": "deberes constitucionales",
      "relevance": 0.519132,
      "count": 1
    },
    {
      "text": "constitucion politica",
      "relevance": 0.51719,
      "count": 2
    },
    {
      "text": "personas instituciones",
      "relevance": 0.515976,
      "count": 2
    },
    {
      "text": "educaci6n",
      "relevance": 0.515802,
      "count": 1
    },
    {
      "text": "programas formacion tecnica",
      "relevance": 0.515434,
      "count": 1
    },
    {
      "text": "funcionamiento tales",
      "relevance": 0.515255,
      "count": 2
    },
    {
      "text": "tecnol6gico protecci6",
      "relevance": 0.511353,
      "count": 1
    }
  ]
}