{
  "usage": {
    "text_units": 1,
    "text_characters": 2236,
    "features": 1
  },
  "language": "es",
  "keywords": [
    {
      "text": "universidad valle",
      "relevance": 0.797474,
      "count": 3
    },
    {
      "text": "consejo superior",
      "relevance": 0.660434,
      "count": 3
    },
    {
      "text": "admisiones programas",
      "relevance": 0.6305,
      "count": 1
    },
    {
      "text": "admisien estudiantes",
      "relevance": 0.586258,
      "count": 1
    },
    {
      "text": "provisto aspirantes bachilleres",
      "relevance": 0.582634,
      "count": 1
    },
    {
      "text": "reglamento admisiones",
      "relevance": 0.58018,
      "count": 1
    },
    {
      "text": "consejo academico",
      "relevance": 0.571025,
      "count": 1
    },
    {
      "text": "reglamento estudiantil",
      "relevance": 0.559396,
      "count": 1
    },
    {
      "text": "periodo determinado",
      "relevance": 0.554808,
      "count": 1
    },
    {
      "text": "totalidad cupos fijados",
      "relevance": 0.549235,
      "count": 1
    },
    {
      "text": "rendimiento podra",
      "relevance": 0.541864,
      "count": 1
    },
    {
      "text": "admision estudiantes",
      "relevance": 0.539814,
      "count": 1
    },
    {
      "text": "6nuniversidad valle resolucion",
      "relevance": 0.537052,
      "count": 1
    },
    {
      "text": "reglamento estudiantil vigente",
      "relevance": 0.534075,
      "count": 2
    },
    {
      "text": "necesidades instituci6n",
      "relevance": 0.532784,
      "count": 1
    },
    {
      "text": "solicitud admision diferentes",
      "relevance": 0.526317,
      "count": 1
    },
    {
      "text": "estatuto general",
      "relevance": 0.525462,
      "count": 1
    },
    {
      "text": "razones paragrafo",
      "relevance": 0.521121,
      "count": 1
    },
    {
      "text": "programa academico",
      "relevance": 0.519842,
      "count": 3
    },
    {
      "text": "nuevas realidades sociales",
      "relevance": 0.512262,
      "count": 1
    },
    {
      "text": "universidad definicion",
      "relevance": 0.511792,
      "count": 1
    },
    {
      "text": "leyes republica",
      "relevance": 0.507273,
      "count": 1
    },
    {
      "text": "disposiciones contrarias",
      "relevance": 0.506322,
      "count": 1
    },
    {
      "text": "reuniones despacho gobernador",
      "relevance": 0.505431,
      "count": 1
    },
    {
      "text": "estudiantes regulares",
      "relevance": 0.502868,
      "count": 1
    },
    {
      "text": "cupo diferentes",
      "relevance": 0.499739,
      "count": 1
    },
    {
      "text": "santiago cali",
      "relevance": 0.499215,
      "count": 1
    },
    {
      "text": "caso sdlo",
      "relevance": 0.496056,
      "count": 1
    },
    {
      "text": "respectivos estudios",
      "relevance": 0.49539,
      "count": 1
    },
    {
      "text": "igualdad oportunidades",
      "relevance": 0.4952,
      "count": 1
    }
  ]
}