{
  "usage": {
    "text_units": 2,
    "text_characters": 12638,
    "features": 1
  },
  "language": "es",
  "keywords": [
    {
      "text": "secretaria general",
      "relevance": 0.702199,
      "count": 5
    },
    {
      "text": "estatuto general",
      "relevance": 0.682321,
      "count": 1
    },
    {
      "text": "consejo superior",
      "relevance": 0.681144,
      "count": 3
    },
    {
      "text": "universidad valle",
      "relevance": 0.66701,
      "count": 2
    },
    {
      "text": "elecciones directas",
      "relevance": 0.661104,
      "count": 3
    },
    {
      "text": "cuerpos colegiados",
      "relevance": 0.651337,
      "count": 5
    },
    {
      "text": "profesores estudiantes diferentes",
      "relevance": 0.634355,
      "count": 2
    },
    {
      "text": "normas generales",
      "relevance": 0.630662,
      "count": 1
    },
    {
      "text": "facultades efectos",
      "relevance": 0.619752,
      "count": 1
    },
    {
      "text": "secretaria academica",
      "relevance": 0.56201,
      "count": 1
    },
    {
      "text": "decanos representaciones directores",
      "relevance": 0.560285,
      "count": 2
    },
    {
      "text": "1994universidad valle",
      "relevance": 0.555799,
      "count": 1
    },
    {
      "text": "programas unidades",
      "relevance": 0.555166,
      "count": 2
    },
    {
      "text": "dias habiles",
      "relevance": 0.55366,
      "count": 3
    },
    {
      "text": "recursos humanos",
      "relevance": 0.550939,
      "count": 2
    },
    {
      "text": "representantes profesores estudiantes",
      "relevance": 0.54765,
      "count": 1
    },
    {
      "text": "requisitos exigidos",
      "relevance": 0.545341,
      "count": 1
    },
    {
      "text": "estudiantes consejos facultad",
      "relevance": 0.537516,
      "count": 1
    },
    {
      "text": "consejos superior academico",
      "relevance": 0.533067,
      "count": 1
    },
    {
      "text": "secretaria academica respectiva",
      "relevance": 0.52433,
      "count": 1
    },
    {
      "text": "elecciones eluniversidad",
      "relevance": 0.519072,
      "count": 1
    },
    {
      "text": "terminos periodos correspondientes",
      "relevance": 0.517149,
      "count": 1
    },
    {
      "text": "facultad secretarias",
      "relevance": 0.507901,
      "count": 1
    },
    {
      "text": "reglamento electoral",
      "relevance": 0.505889,
      "count": 1
    },
    {
      "text": "proporcionadas division admisiones",
      "relevance": 0.505566,
      "count": 1
    },
    {
      "text": "cali abril",
      "relevance": 0.50438,
      "count": 1
    },
    {
      "text": "fecha inscripcion",
      "relevance": 0.504011,
      "count": 1
    },
    {
      "text": "eleccion representantes",
      "relevance": 0.500657,
      "count": 1
    },
    {
      "text": "informacion inscripciones",
      "relevance": 0.499536,
      "count": 1
    },
    {
      "text": "general universidad",
      "relevance": 0.494906,
      "count": 1
    }
  ]
}